Run,TotalCompleted,TotalRejected,TotalProducts,AvgWaitingTime,FaultyRate,SupplierOccupancy,WS0_Occupancy,WS0_Downtime,WS1_Occupancy,WS1_Downtime,WS2_Occupancy,WS2_Downtime,WS3_Occupancy,WS3_Downtime,WS4_Occupancy,WS4_Downtime,WS5_Occupancy,WS5_Downtime
1,1176,52,1228,2278.46,4.23,3.33,100.02,15.67,99.75,3.6,98.69,39.88,50.96,38.93,47.24,26.94,97.28,43.84
2,1159,66,1225,2240.35,5.39,3.2,99.98,28.07,99.27,13.98,98.24,21.54,48.02,72.34,49.49,26.46,97.1,46.79
3,1178,47,1225,2290.13,3.84,3.27,100.0,0.33,98.47,17.6,98.17,35.71,50.29,30.51,49.38,15.05,98.07,118.49
4,1166,54,1220,2240.43,4.43,3.08,99.98,28.37,99.08,14.72,96.82,43.29,47.26,42.1,50.48,20.12,97.6,27.89
5,1170,56,1226,2281.02,4.57,3.2,99.99,11.68,99.01,2.33,98.69,26.06,48.47,75.09,48.61,26.37,96.86,46.15
6,1158,62,1220,2293.16,5.08,3.27,100.03,18.25,99.07,19.9,97.46,48.02,49.51,50.81,50.11,18.66,98.91,29.11
7,1168,60,1228,2274.75,4.89,3.18,100.02,27.88,99.57,20.43,98.63,34.37,49.11,100.03,49.32,23.3,98.59,23.74
8,1166,61,1227,2265.3,4.97,3.2,100.05,3.53,98.86,8.32,98.45,63.71,51.22,66.3,46.46,26.52,98.08,58.99
9,1166,58,1224,2297.31,4.74,3.27,100.02,25.01,99.35,0.0,99.75,22.04,47.72,27.94,50.81,43.9,97.76,46.35
10,1153,56,1209,2319.0,4.63,3.32,100.06,7.97,99.64,2.38,98.34,27.95,46.53,77.2,51.65,23.36,97.65,48.7
11,1153,63,1216,2336.02,5.18,3.21,100.05,2.33,98.92,7.64,97.75,33.5,49.54,45.98,47.6,21.03,97.94,70.22
12,1169,58,1227,2300.74,4.73,3.27,100.01,30.88,99.97,0.08,98.82,43.57,50.33,62.5,48.84,14.28,97.74,44.21
13,1167,67,1234,2263.79,5.43,3.21,100.04,8.3,99.18,3.29,98.18,31.88,50.9,29.26,48.25,33.59,97.96,30.68
14,1145,73,1218,2317.85,5.99,3.31,100.0,12.68,99.09,5.85,98.59,20.17,47.58,69.48,50.82,40.98,98.28,34.63
15,1151,67,1218,2268.61,5.5,3.14,100.0,18.45,98.19,9.96,98.91,43.2,48.45,35.28,48.0,25.96,97.16,72.1
16,1160,55,1215,2312.94,4.53,3.2,100.0,10.98,98.75,2.81,99.18,12.53,48.49,36.09,48.65,19.59,97.8,46.19
17,1165,63,1228,2290.63,5.13,3.32,100.01,4.46,98.88,2.29,98.21,19.79,48.27,50.65,50.71,31.69,99.38,70.15
18,1154,71,1225,2335.51,5.8,3.22,100.01,12.16,99.83,17.71,98.69,47.88,49.86,38.4,48.65,27.52,98.28,19.24
19,1159,67,1226,2289.74,5.46,3.28,100.05,14.71,99.13,8.82,98.73,58.28,47.4,72.49,51.39,53.81,98.02,28.72
20,1164,59,1223,2314.51,4.82,3.35,100.08,14.97,99.72,7.05,98.18,22.53,49.53,60.15,48.89,47.9,97.38,53.91
21,1170,62,1232,2279.48,5.03,3.35,100.01,33.66,99.75,3.8,99.07,31.27,48.86,69.88,49.58,16.05,98.54,61.26
22,1169,57,1226,2350.33,4.65,3.27,100.01,20.66,99.5,4.42,99.57,52.16,50.19,38.94,47.94,37.19,98.0,32.82
23,1157,61,1218,2315.33,5.01,3.22,100.09,6.35,99.28,15.42,98.62,31.62,46.54,54.78,51.74,29.56,97.35,60.76
24,1169,51,1220,2317.75,4.18,3.25,100.03,25.15,99.59,8.31,97.96,13.33,49.1,39.69,48.64,20.76,96.78,46.66
25,1155,70,1225,2283.13,5.71,3.3,100.04,6.9,99.16,13.85,99.34,28.97,48.76,70.78,49.16,14.73,98.15,39.75
26,1172,53,1225,2274.76,4.33,3.28,99.98,13.33,98.17,0.0,99.32,54.7,50.16,65.97,49.7,34.92,97.88,48.91
27,1174,46,1220,2263.05,3.77,3.23,99.99,8.63,97.87,5.16,98.63,61.1,48.48,36.42,48.53,10.51,98.07,60.69
28,1162,53,1215,2258.06,4.36,3.16,100.06,9.84,98.39,7.06,98.36,37.51,47.81,46.82,49.87,35.92,97.32,53.66
29,1176,59,1235,2248.51,4.78,3.35,99.95,25.21,99.3,6.71,98.48,39.92,49.64,57.1,49.39,27.4,97.89,33.71
30,1158,72,1230,2292.54,5.85,3.27,100.07,15.66,99.6,7.28,98.2,30.84,47.5,67.25,50.66,32.71,98.16,47.13
31,1164,64,1228,2308.95,5.21,3.42,100.05,17.23,99.7,3.92,99.76,39.24,49.02,56.81,51.09,26.7,97.69,62.04
32,1169,54,1223,2329.29,4.42,3.19,100.02,25.04,99.76,0.0,98.37,35.35,52.29,49.87,46.9,16.64,97.5,30.21
33,1163,68,1231,2294.4,5.52,3.23,100.0,4.19,99.55,2.69,98.82,34.65,49.87,86.16,49.48,31.09,98.71,36.63
34,1165,65,1230,2289.72,5.28,3.26,100.05,16.34,99.67,0.58,98.56,65.16,45.02,59.25,52.44,23.2,97.33,33.26
35,1168,50,1218,2312.12,4.11,3.25,100.06,23.31,99.22,0.0,97.64,31.6,46.85,61.62,50.4,6.93,98.05,54.92
36,1159,63,1222,2296.78,5.16,3.17,100.0,14.84,99.78,10.1,98.78,48.07,48.39,68.06,49.75,27.43,96.25,49.3
37,1186,40,1226,2358.31,3.26,3.25,100.03,1.25,99.89,24.37,99.51,67.24,52.0,34.13,46.56,9.89,97.45,57.42
38,1168,57,1225,2324.26,4.65,3.22,100.04,39.56,99.7,5.71,97.6,33.73,50.09,46.77,48.39,26.53,98.29,50.01
39,1155,62,1217,2316.09,5.09,3.23,100.07,12.29,99.13,8.01,98.67,22.72,47.49,45.75,50.2,36.66,98.31,80.27
40,1153,70,1223,2289.74,5.72,3.21,100.04,7.01,98.68,14.93,99.57,37.13,46.87,29.48,51.57,23.79,97.09,45.76
41,1162,60,1222,2255.85,4.91,3.24,100.08,14.9,99.59,0.27,98.74,36.45,50.96,41.03,46.13,28.45,97.88,88.84
42,1170,61,1231,2283.88,4.96,3.25,99.96,11.32,99.75,5.91,98.28,27.64,52.01,46.48,47.05,25.49,98.68,78.72
43,1161,62,1223,2268.4,5.07,3.35,100.04,11.73,99.3,6.29,98.28,12.6,49.48,60.73,49.57,20.48,98.29,54.79
44,1155,66,1221,2257.11,5.41,3.24,100.05,25.58,99.88,0.0,97.58,46.13,51.44,30.23,47.2,12.64,97.55,43.09
45,1155,57,1212,2346.65,4.7,3.3,100.03,12.88,98.72,9.61,99.14,41.5,49.03,61.66,48.5,25.77,97.55,33.76
46,1174,41,1215,2331.73,3.37,3.3,100.03,29.98,98.51,18.83,98.23,24.03,49.28,64.57,49.16,23.07,96.33,25.24
47,1157,71,1228,2230.71,5.78,3.21,100.02,8.03,97.96,8.49,98.19,68.79,50.02,72.81,48.82,33.33,99.08,44.6
48,1163,61,1224,2352.4,4.98,3.17,100.02,6.27,99.4,8.14,99.53,40.5,50.56,88.4,48.21,27.49,98.7,35.68
49,1168,51,1219,2263.31,4.18,3.24,100.06,18.33,99.56,5.47,98.43,28.52,47.21,36.78,52.25,15.84,98.48,44.61
50,1170,55,1225,2257.44,4.49,3.17,100.07,9.24,99.4,0.0,98.08,36.53,47.56,23.59,50.33,41.22,97.06,60.52
51,1153,68,1221,2237.28,5.57,3.24,100.04,9.53,97.62,14.6,98.66,48.94,49.12,49.68,47.86,14.15,98.15,53.21
52,1162,55,1217,2313.45,4.52,3.23,100.0,20.35,99.23,16.12,98.43,25.61,47.59,57.64,51.12,33.86,97.82,17.96
53,1151,65,1216,2268.29,5.35,3.28,100.06,7.54,99.04,22.81,98.3,23.62,48.92,40.22,48.87,9.23,97.35,48.38
54,1155,66,1221,2309.3,5.41,3.29,100.03,7.93,99.09,0.44,98.55,37.81,51.66,53.34,46.74,35.1,98.94,13.78
55,1146,63,1209,2238.67,5.21,3.21,100.07,4.66,97.7,11.29,97.62,16.9,49.54,76.1,47.77,32.71,96.32,40.46
56,1139,73,1212,2288.45,6.02,3.22,99.99,5.13,98.3,3.97,96.7,28.57,45.61,25.94,49.78,23.23,96.65,37.63
57,1159,56,1215,2309.97,4.61,3.18,100.06,29.59,99.3,4.9,97.98,33.57,50.03,77.72,48.17,17.38,97.32,66.71
58,1159,67,1226,2279.13,5.46,3.25,100.06,9.81,99.84,1.56,98.84,33.54,47.56,56.84,51.78,42.23,98.2,50.44
59,1156,67,1223,2339.17,5.48,3.35,99.95,19.95,99.0,2.37,98.0,58.29,47.68,94.36,49.37,6.1,98.6,38.42
60,1162,64,1226,2267.13,5.22,3.22,100.0,7.62,98.94,0.29,98.81,37.46,47.58,27.42,51.97,37.91,98.06,16.26
61,1171,51,1222,2219.91,4.17,3.29,100.02,26.39,98.97,12.65,98.15,31.66,50.21,30.8,48.37,21.67,97.26,15.97
62,1165,62,1227,2278.37,5.05,3.22,100.06,27.07,99.78,2.1,98.95,23.4,50.28,43.15,47.08,16.42,96.69,40.38
63,1176,58,1234,2296.12,4.7,3.25,100.01,6.6,99.25,9.86,98.92,37.01,48.31,86.46,50.15,32.18,98.19,16.95
64,1165,57,1222,2271.05,4.66,3.26,100.04,11.32,98.67,9.36,97.99,52.83,48.71,86.64,49.77,3.85,97.93,31.17
65,1161,52,1213,2276.98,4.29,3.27,100.02,12.25,99.07,0.0,99.09,19.79,48.81,63.82,49.04,26.47,97.94,36.87
66,1188,45,1233,2297.31,3.65,3.28,100.01,5.76,99.71,1.2,98.24,12.02,50.85,79.65,48.64,14.1,99.33,75.97
67,1175,55,1230,2318.64,4.47,3.33,100.03,11.59,99.62,1.73,97.94,37.43,48.34,41.92,49.29,23.67,98.89,49.69
68,1175,50,1225,2261.48,4.08,3.32,100.06,27.12,99.18,0.15,99.2,13.83,49.38,29.59,49.45,32.2,98.51,43.53
69,1161,55,1216,2352.21,4.52,3.35,100.11,36.08,98.04,0.0,99.55,43.91,49.13,52.73,48.75,26.83,96.78,26.03
70,1160,64,1224,2280.86,5.23,3.22,100.03,22.05,99.27,11.87,99.31,55.94,48.46,43.0,49.7,20.3,99.11,63.0
71,1167,56,1223,2290.03,4.58,3.27,100.04,13.99,99.37,10.43,98.31,35.8,49.87,47.6,48.58,25.07,98.41,43.86
72,1166,63,1229,2211.49,5.13,3.21,100.0,9.46,98.72,5.02,98.52,47.35,49.91,22.76,47.87,26.33,97.8,27.99
73,1161,58,1219,2266.48,4.76,3.31,100.04,6.58,98.67,10.71,97.27,55.73,52.37,94.99,45.71,35.19,97.81,69.5
74,1165,59,1224,2322.58,4.82,3.29,100.06,25.29,98.89,0.42,98.82,21.17,48.29,31.56,51.0,28.69,98.74,39.73
75,1151,64,1215,2315.64,5.27,3.23,100.06,5.24,99.93,3.02,99.16,40.4,47.42,67.59,50.71,28.89,98.06,22.12
76,1152,63,1215,2300.73,5.19,3.27,100.04,9.56,98.93,1.14,97.72,38.16,48.79,67.73,49.13,29.05,97.58,35.58
77,1157,63,1220,2249.19,5.16,3.32,100.05,18.57,98.81,10.73,97.92,33.74,49.89,50.67,48.41,24.16,97.82,22.39
78,1161,55,1216,2290.81,4.52,3.33,100.04,18.64,99.25,0.0,98.92,60.85,50.96,72.09,47.61,39.65,98.72,25.02
79,1162,64,1226,2308.02,5.22,3.17,100.09,10.88,99.66,0.0,99.26,24.16,49.0,61.29,49.44,16.61,99.3,17.81
80,1153,68,1221,2259.29,5.57,3.23,100.05,13.11,98.81,20.22,98.37,55.8,51.49,44.73,46.47,17.83,97.39,25.6
81,1173,63,1236,2266.58,5.1,3.32,100.06,12.1,99.85,0.08,98.71,47.99,48.24,88.79,50.56,34.38,98.06,27.44
82,1166,60,1226,2267.08,4.89,3.32,100.07,25.87,99.65,8.27,98.78,36.06,50.57,51.7,47.75,18.21,97.74,30.61
83,1176,58,1234,2277.34,4.7,3.28,100.06,19.18,99.53,1.78,99.32,25.19,51.23,60.98,47.96,42.24,98.07,20.06
84,1153,69,1222,2323.3,5.65,3.24,100.02,3.91,99.92,7.44,97.26,24.9,50.53,64.95,47.38,23.12,98.16,48.62
85,1167,59,1226,2279.5,4.81,3.29,99.96,11.49,99.11,13.41,99.46,23.96,50.34,69.77,47.53,34.17,97.83,18.6
86,1160,67,1227,2265.93,5.46,3.32,100.01,22.92,98.77,15.42,98.86,44.33,48.18,69.39,50.81,24.28,98.5,48.21
87,1153,66,1219,2312.08,5.41,3.18,100.0,19.96,99.22,2.1,98.41,24.04,50.95,58.33,45.45,12.41,97.38,38.46
88,1156,58,1214,2356.34,4.78,3.28,100.07,17.94,99.71,8.85,99.86,31.45,49.08,52.24,49.15,22.67,97.88,38.34
89,1158,57,1215,2316.33,4.69,3.24,100.01,17.69,99.9,9.49,97.74,24.28,49.28,67.05,49.06,14.72,98.08,31.14
90,1159,68,1227,2305.35,5.54,3.26,100.04,9.41,99.49,2.82,98.05,43.23,47.21,71.91,50.65,34.86,98.43,26.62
91,1148,69,1217,2271.55,5.67,3.3,100.02,18.92,98.97,6.22,98.69,46.15,49.45,57.63,48.48,34.51,98.39,30.12
92,1163,59,1222,2295.48,4.83,3.27,99.98,22.69,99.09,5.83,97.91,39.03,50.11,71.58,49.43,19.3,98.31,51.21
93,1157,69,1226,2303.18,5.63,3.28,100.07,11.25,99.48,10.17,98.45,52.75,50.56,27.56,49.1,12.51,97.6,33.29
94,1156,64,1220,2326.69,5.25,3.18,100.04,25.58,99.64,0.0,98.99,39.91,51.94,44.75,45.49,16.55,98.8,54.71
95,1166,55,1221,2326.13,4.5,3.25,100.06,12.27,99.72,2.17,98.98,45.54,49.77,62.95,49.75,12.38,98.45,63.24
96,1147,73,1220,2275.31,5.98,3.24,100.05,4.28,98.64,14.46,98.84,22.15,47.53,31.6,51.04,18.04,98.02,45.26
97,1171,60,1231,2292.29,4.87,3.34,100.03,15.19,99.59,0.0,99.28,41.8,49.98,53.71,50.11,19.52,97.92,24.61
98,1179,46,1225,2273.19,3.76,3.32,100.01,5.84,99.31,3.83,97.95,55.71,49.22,61.57,48.46,22.01,97.73,42.2
99,1166,64,1230,2307.54,5.2,3.27,100.0,15.94,99.8,5.38,97.59,39.64,47.07,45.25,52.39,38.11,98.39,40.15
100,1156,67,1223,2278.68,5.48,3.24,99.97,15.71,98.92,3.09,99.38,48.8,50.37,65.06,47.97,20.76,97.5,27.38
101,1168,59,1227,2302.07,4.81,3.27,100.02,1.72,99.85,0.35,98.99,29.25,46.41,65.0,51.66,30.86,97.76,35.28
102,1157,58,1215,2292.18,4.77,3.17,99.94,25.72,98.03,7.06,99.4,30.05,51.37,50.43,46.54,20.83,98.12,34.45
103,1155,68,1223,2282.47,5.56,3.28,99.99,7.59,98.64,4.84,96.52,41.38,52.42,78.83,46.95,17.01,98.88,39.64
104,1171,56,1227,2290.47,4.56,3.15,99.96,19.78,99.67,0.28,97.83,29.35,49.07,64.66,49.2,37.31,97.56,42.71
105,1168,55,1223,2292.65,4.5,3.27,100.04,12.0,98.8,1.52,99.65,33.36,53.26,27.38,45.7,29.52,99.21,41.16
106,1148,73,1221,2308.31,5.98,3.22,100.02,17.93,98.72,11.53,99.38,18.16,48.48,29.96,50.66,11.77,98.67,41.27
107,1163,64,1227,2292.27,5.22,3.33,100.01,7.67,99.16,13.88,99.15,29.78,50.27,46.21,47.81,36.26,98.64,24.83
108,1154,70,1224,2308.19,5.72,3.31,100.0,22.94,98.41,7.23,99.09,45.61,47.72,42.14,49.9,21.89,97.22,56.01
109,1162,59,1221,2277.37,4.83,3.18,100.07,29.37,98.25,7.3,98.65,34.73,49.35,41.92,47.24,26.86,97.04,31.32
110,1168,58,1226,2264.17,4.73,3.27,100.07,5.28,99.06,4.81,99.11,25.79,50.68,60.86,49.36,22.55,98.27,84.5
111,1166,63,1229,2245.38,5.13,3.2,100.05,6.31,99.46,3.77,99.04,70.88,49.51,32.76,49.34,21.95,98.02,30.01
112,1161,60,1221,2311.99,4.91,3.21,100.0,19.27,99.61,11.58,98.5,18.36,49.2,33.19,49.8,32.29,96.79,56.23
113,1163,54,1217,2339.38,4.44,3.36,100.07,3.47,98.55,4.16,98.49,19.4,50.81,36.92,48.85,17.77,98.37,35.53
114,1170,54,1224,2301.73,4.41,3.33,100.04,18.85,98.87,11.33,98.33,55.24,50.12,49.67,47.0,38.64,98.47,35.94
115,1167,63,1230,2260.96,5.12,3.28,100.08,26.74,99.26,6.19,98.56,59.74,49.9,57.61,48.73,8.43,97.25,41.13
116,1167,53,1220,2324.83,4.34,3.25,99.99,10.45,99.18,8.56,99.29,52.95,48.16,32.6,48.85,27.16,97.22,58.48
117,1161,60,1221,2309.3,4.91,3.23,100.01,18.8,99.93,3.94,97.79,23.14,49.63,104.39,48.98,19.31,98.14,31.07
118,1179,53,1232,2294.45,4.3,3.23,100.04,13.81,99.56,6.38,98.75,44.18,49.28,67.92,50.28,23.79,98.79,92.5
119,1175,50,1225,2325.95,4.08,3.24,100.04,21.44,99.62,0.0,99.76,41.93,50.27,50.94,49.18,25.23,98.12,33.05
120,1142,68,1210,2374.75,5.62,3.25,100.06,24.4,99.51,2.64,97.78,29.91,50.14,84.65,47.86,40.72,96.75,43.54
121,1172,58,1230,2302.53,4.72,3.18,100.03,14.88,99.73,4.78,98.75,30.63,50.8,88.6,47.08,38.5,97.91,58.79
122,1147,70,1217,2298.58,5.75,3.25,99.98,16.19,99.92,0.0,98.32,33.61,49.56,62.68,49.84,13.32,97.75,32.77
123,1172,50,1222,2281.4,4.09,3.3,100.07,12.33,98.68,0.0,98.09,13.81,46.73,40.41,51.64,16.77,98.91,53.07
124,1156,63,1219,2285.0,5.17,3.2,100.05,16.89,99.85,5.15,97.55,47.59,52.11,68.1,46.07,6.22,96.31,49.62
125,1151,65,1216,2307.6,5.35,3.2,100.02,4.25,99.31,8.81,98.19,27.44,46.81,44.39,50.56,21.6,97.48,51.55
126,1166,52,1218,2371.95,4.27,3.32,100.01,16.29,99.89,0.98,98.96,43.69,47.5,46.16,50.14,34.72,97.0,27.5
127,1162,61,1223,2278.91,4.99,3.29,100.02,11.79,98.85,7.86,98.82,41.21,51.12,86.99,47.46,35.87,98.46,31.41
128,1180,51,1231,2269.95,4.14,3.34,100.03,2.48,98.54,4.83,98.94,33.85,49.9,59.28,49.49,66.5,98.94,48.73
129,1156,61,1217,2335.22,5.01,3.28,99.96,9.33,99.88,24.62,99.24,44.35,49.94,45.99,47.89,11.49,97.97,34.3
130,1180,55,1235,2274.64,4.45,3.31,100.03,6.89,99.88,6.28,98.26,32.94,50.28,65.14,47.53,22.28,98.26,50.17
131,1168,65,1233,2318.6,5.27,3.24,100.08,7.96,99.94,9.12,99.22,49.24,49.5,23.7,49.06,31.25,98.51,35.08
132,1150,73,1223,2298.82,5.97,3.33,100.02,3.22,98.82,5.45,99.13,40.1,48.64,53.42,48.94,24.52,97.06,67.37
133,1145,64,1209,2374.68,5.29,3.34,99.98,10.96,99.49,15.36,98.98,47.95,51.01,71.09,48.33,28.41,98.67,49.84
134,1163,57,1220,2288.04,4.67,3.24,100.02,19.71,99.6,0.0,98.04,41.86,50.13,75.48,48.6,33.23,97.75,48.68
135,1157,67,1224,2295.63,5.47,3.28,100.08,7.8,98.46,0.0,99.6,29.47,50.63,47.65,49.05,29.89,98.22,35.57
136,1150,77,1227,2300.56,6.28,3.35,100.04,8.57,99.68,5.73,99.24,54.3,47.78,36.29,51.24,10.21,97.15,37.85
137,1175,54,1229,2275.7,4.39,3.41,100.0,7.64,99.94,22.75,98.48,41.34,47.56,49.25,51.08,19.23,97.73,35.19
138,1145,75,1220,2297.73,6.15,3.26,100.0,32.37,99.47,8.36,99.16,31.0,47.19,68.48,52.14,11.75,98.5,52.63
139,1146,68,1214,2322.67,5.6,3.37,99.97,25.72,99.41,8.41,99.33,44.55,49.16,67.9,49.49,16.1,97.48,61.8
140,1153,60,1213,2339.04,4.95,3.22,100.03,19.43,99.7,8.66,98.66,28.64,50.36,42.22,46.82,9.23,97.02,44.26
141,1158,60,1218,2265.24,4.93,3.25,100.07,13.67,98.83,4.32,98.22,21.28,49.25,56.68,48.63,15.47,98.67,49.51
142,1156,59,1215,2335.98,4.86,3.22,100.03,5.17,99.28,9.26,98.56,48.44,45.49,28.46,51.83,11.21,97.13,30.89
143,1165,60,1225,2293.55,4.9,3.3,100.01,5.18,99.7,5.98,98.09,37.56,52.5,38.44,46.82,9.5,98.82,31.77
144,1167,58,1225,2295.42,4.73,3.23,100.01,20.18,99.49,15.49,98.28,34.43,51.29,57.43,47.72,50.57,98.04,23.39
145,1165,61,1226,2314.42,4.98,3.29,100.04,27.9,99.76,1.48,99.6,44.33,48.37,66.46,49.85,25.92,99.38,49.48
146,1155,69,1224,2310.87,5.64,3.25,100.01,7.8,99.29,15.46,99.37,50.66,49.97,45.24,49.62,38.52,97.08,39.38
147,1152,66,1218,2276.62,5.42,3.27,100.01,29.74,98.96,1.48,96.74,27.8,52.39,50.05,45.16,47.17,98.32,47.42
148,1158,66,1224,2288.82,5.39,3.26,100.05,21.03,99.25,5.6,98.87,52.28,51.94,29.36,48.41,40.8,97.98,30.58
149,1174,53,1227,2282.6,4.32,3.26,100.05,24.11,99.89,8.98,98.23,39.03,48.16,80.62,49.96,58.4,98.41,31.53
150,1161,68,1229,2267.23,5.53,3.23,99.98,18.61,99.81,0.76,98.3,46.94,48.44,50.17,50.78,37.68,98.39,17.22
151,1170,56,1226,2312.46,4.57,3.35,100.08,12.76,99.48,4.49,98.25,29.43,50.81,42.7,48.33,42.6,98.68,59.86
152,1163,66,1229,2271.5,5.37,3.35,100.02,22.81,99.46,5.8,99.25,23.9,50.57,28.25,48.21,39.58,98.15,21.65
153,1159,56,1215,2299.87,4.61,3.25,100.0,0.24,98.8,29.44,96.76,34.04,49.74,41.04,47.89,45.39,98.33,30.86
154,1149,70,1219,2290.63,5.74,3.28,100.05,26.27,99.15,11.63,98.08,40.9,50.29,63.66,47.8,22.81,97.14,37.99
155,1161,59,1220,2269.3,4.84,3.23,100.02,15.59,99.37,18.22,98.86,51.21,53.99,73.97,45.34,33.54,96.22,14.39
156,1169,58,1227,2327.43,4.73,3.23,100.04,27.23,99.87,2.83,99.32,40.82,46.34,50.61,51.78,46.22,98.8,33.02
157,1153,68,1221,2282.24,5.57,3.26,100.03,0.56,98.03,5.33,99.28,28.69,48.48,79.0,50.06,15.24,98.31,45.83
158,1149,60,1209,2296.88,4.96,3.26,100.04,17.39,98.28,9.98,97.71,27.78,50.73,47.85,46.21,15.72,96.76,49.2
159,1172,54,1226,2267.99,4.4,3.27,99.99,23.87,98.54,2.62,98.28,37.97,48.34,53.56,50.82,46.22,98.56,38.73
160,1162,66,1228,2329.41,5.37,3.29,100.0,42.97,99.7,3.66,99.59,55.03,48.17,56.23,50.19,15.23,98.28,39.71
161,1153,74,1227,2289.7,6.03,3.23,100.01,3.28,99.78,1.98,98.86,62.19,48.96,44.5,48.28,18.32,97.1,64.36
162,1172,53,1225,2269.84,4.33,3.28,100.06,18.65,98.55,5.82,99.37,47.17,47.37,35.37,52.01,48.58,97.89,51.35
163,1178,52,1230,2221.51,4.23,3.34,100.03,9.59,98.65,10.98,97.29,27.09,49.37,40.19,48.64,23.35,97.53,41.29
164,1165,64,1229,2260.51,5.21,3.19,100.0,7.32,99.37,10.63,98.58,31.77,49.64,83.28,50.38,58.64,99.04,39.53
165,1167,66,1233,2256.48,5.35,3.3,100.0,24.35,98.74,0.0,98.77,33.28,50.0,86.06,48.8,9.26,97.85,58.45
166,1166,70,1236,2272.59,5.66,3.2,100.04,22.43,99.13,6.12,98.15,44.33,49.92,56.99,49.31,53.25,98.92,36.81
167,1157,56,1213,2303.64,4.62,3.29,100.02,27.38,98.83,0.95,99.07,41.68,48.95,50.7,48.96,6.74,98.21,27.24
168,1172,53,1225,2271.81,4.33,3.26,100.0,13.25,98.85,5.23,98.73,19.89,50.23,72.38,48.29,18.52,97.44,40.09
169,1167,67,1234,2298.08,5.43,3.29,100.05,26.31,99.8,0.0,98.61,21.21,49.2,69.77,50.64,23.56,98.32,33.98
170,1151,71,1222,2276.65,5.81,3.2,99.99,7.56,98.98,10.38,99.26,54.84,49.54,36.87,48.63,13.5,98.03,28.8
171,1145,70,1215,2324.61,5.76,3.22,100.07,2.14,98.96,23.92,98.6,47.09,50.84,69.81,46.04,15.74,97.23,26.75
172,1166,51,1217,2281.79,4.19,3.25,100.02,13.37,99.43,8.13,99.2,26.89,49.97,47.88,47.73,14.03,97.09,40.68
173,1165,55,1220,2272.78,4.51,3.26,100.04,21.16,98.83,3.54,98.42,43.89,50.5,87.05,47.91,21.73,98.49,50.98
174,1156,60,1216,2330.19,4.93,3.21,100.01,12.24,99.56,23.67,98.12,27.48,47.82,46.41,50.47,55.11,98.52,81.16
175,1156,65,1221,2305.65,5.32,3.33,100.05,22.53,99.47,0.0,99.21,31.06,47.5,58.38,50.95,26.56,97.87,36.44
176,1175,54,1229,2269.77,4.39,3.27,100.0,30.58,98.76,8.81,98.8,17.76,49.52,49.73,49.45,41.77,97.69,47.98
177,1174,53,1227,2257.51,4.32,3.2,100.03,3.22,99.09,1.07,99.35,64.92,52.04,44.22,46.66,14.35,98.62,59.75
178,1162,68,1230,2244.15,5.53,3.28,100.0,18.78,98.13,6.41,98.1,33.59,50.07,54.09,48.5,19.27,97.91,31.35
179,1159,69,1228,2259.46,5.62,3.31,99.98,0.19,99.81,6.12,98.37,38.78,48.74,30.35,49.71,26.05,98.56,23.79
180,1162,60,1222,2318.69,4.91,3.26,100.02,10.77,99.65,4.75,98.84,28.1,51.32,75.21,48.09,13.67,97.63,36.53
181,1154,74,1228,2265.07,6.03,3.23,100.06,5.61,99.74,14.02,97.99,18.61,47.5,47.39,50.85,30.44,96.66,35.42
182,1169,56,1225,2251.02,4.57,3.24,100.02,22.48,99.21,2.14,97.22,45.77,48.59,53.05,50.57,16.0,98.6,46.01
183,1164,63,1227,2309.93,5.13,3.32,100.05,7.7,98.99,8.69,99.56,33.73,49.15,72.38,48.33,33.92,98.28,92.6
184,1154,76,1230,2306.79,6.18,3.31,99.96,16.01,99.12,8.2,99.4,55.44,49.74,61.52,48.87,35.36,97.75,58.83
185,1174,53,1227,2298.01,4.32,3.2,100.03,6.46,99.55,0.25,98.8,18.23,47.42,77.18,50.87,3.66,98.67,21.58
186,1157,69,1226,2299.23,5.63,3.22,100.0,24.24,99.88,11.66,98.1,24.79,48.63,65.48,50.28,22.2,98.1,16.95
187,1156,64,1220,2321.41,5.25,3.18,100.0,27.8,99.54,4.49,96.6,29.89,47.39,69.11,49.77,33.98,98.13,29.65
188,1153,64,1217,2325.28,5.26,3.13,99.99,22.01,98.38,8.8,97.68,31.98,49.31,61.04,46.69,34.02,96.07,59.2
189,1161,50,1211,2285.63,4.13,3.15,100.04,4.66,99.52,7.48,98.67,30.69,47.93,67.21,50.7,16.87,97.53,47.15
190,1162,54,1216,2305.01,4.44,3.15,100.08,12.3,99.26,0.0,98.5,25.0,46.05,37.12,51.47,15.5,98.96,14.91
191,1159,63,1222,2232.45,5.16,3.29,100.0,17.64,97.88,9.8,97.69,28.63,49.6,63.16,49.45,22.95,97.68,42.42
192,1166,50,1216,2275.83,4.11,3.27,100.01,22.76,99.11,15.86,98.28,17.87,48.78,71.51,49.93,18.94,96.49,28.19
193,1159,51,1210,2340.92,4.21,3.23,100.0,8.85,99.88,0.0,98.34,45.4,51.01,68.07,47.16,42.16,98.03,29.3
194,1163,56,1219,2332.17,4.59,3.27,100.03,18.25,99.7,0.0,97.96,24.0,47.45,29.64,49.87,11.01,97.63,66.56
195,1189,41,1230,2310.36,3.33,3.27,100.0,13.6,99.78,21.51,98.01,38.29,50.39,77.86,48.45,33.36,97.9,54.61
196,1180,54,1234,2220.96,4.38,3.27,99.97,10.74,98.78,3.9,98.39,28.48,50.75,58.51,48.07,24.54,97.72,25.7
197,1162,64,1226,2332.85,5.22,3.29,100.07,14.92,99.48,0.0,98.3,22.01,50.05,77.44,48.48,13.91,98.44,103.64
198,1159,54,1213,2285.35,4.45,3.19,100.0,10.72,98.4,8.02,97.9,59.28,47.58,41.47,49.0,28.59,96.29,35.29
199,1163,66,1229,2299.01,5.37,3.31,100.01,11.35,99.42,10.32,98.82,24.15,46.82,40.42,51.88,12.0,97.84,31.32
200,1177,60,1237,2274.1,4.85,3.35,100.04,10.81,99.76,0.0,98.34,29.81,48.99,61.97,51.13,22.41,98.42,18.53
201,1153,64,1217,2308.22,5.26,3.13,100.08,22.12,99.88,9.47,99.32,19.59,50.89,67.56,46.86,50.85,98.88,60.9
202,1158,70,1228,2323.21,5.7,3.22,100.05,18.38,99.28,0.0,96.98,50.29,49.43,55.85,49.7,24.77,96.93,33.41
203,1152,69,1221,2304.77,5.65,3.21,100.04,14.95,98.83,19.94,98.44,17.64,51.1,69.24,47.16,16.44,97.79,18.3
204,1152,70,1222,2263.58,5.73,3.26,100.0,16.83,98.88,6.76,98.55,48.62,48.88,81.07,49.92,37.98,98.23,25.49
205,1153,68,1221,2311.62,5.57,3.29,100.0,19.08,99.83,5.26,99.19,38.08,49.42,77.16,48.74,15.1,98.61,58.23
206,1156,69,1225,2362.74,5.63,3.21,100.0,21.5,99.85,2.07,98.2,33.81,48.92,75.74,49.88,21.38,98.0,30.0
207,1157,70,1227,2258.44,5.7,3.21,100.07,3.91,98.98,5.02,97.75,31.89,50.83,72.5,48.11,29.89,98.77,25.47
208,1171,59,1230,2292.05,4.8,3.25,100.07,24.5,99.06,0.32,99.14,32.07,50.9,43.92,48.52,7.39,99.28,34.16
209,1166,62,1228,2316.05,5.05,3.31,100.04,6.16,99.82,10.28,97.87,33.29,50.78,29.03,48.23,33.33,98.01,29.04
210,1153,64,1217,2290.7,5.26,3.27,100.02,2.64,98.89,12.25,99.57,31.01,50.12,62.23,48.78,20.48,97.74,12.05
211,1161,63,1224,2328.12,5.15,3.29,99.99,22.36,98.87,33.4,99.57,23.27,48.13,65.16,50.75,25.91,98.64,32.35
212,1154,63,1217,2304.62,5.18,3.17,100.03,35.48,99.31,2.64,98.6,54.77,47.58,50.55,50.79,13.91,98.48,41.67
213,1164,65,1229,2285.66,5.29,3.28,100.01,16.99,99.86,7.86,97.94,38.81,50.09,48.79,47.8,14.21,99.57,36.09
214,1163,60,1223,2294.96,4.91,3.3,100.0,20.17,99.05,9.59,98.29,32.32,48.1,44.35,49.79,16.15,97.69,44.99
215,1150,75,1225,2310.38,6.12,3.21,100.05,7.12,99.97,11.32,97.93,42.33,49.79,35.8,49.21,15.48,99.11,58.68
216,1157,66,1223,2266.95,5.4,3.12,100.0,20.78,98.2,4.86,98.05,15.68,49.1,52.11,48.3,29.75,98.52,43.74
217,1153,67,1220,2322.01,5.49,3.25,100.03,28.9,99.32,3.18,97.99,31.18,49.86,52.71,48.18,26.18,97.57,70.12
218,1151,68,1219,2242.27,5.58,3.27,100.02,7.61,98.5,0.0,97.18,41.97,51.27,79.25,46.63,30.68,97.14,21.11
219,1142,77,1219,2385.02,6.32,3.27,99.99,12.68,99.93,20.55,99.04,50.25,47.84,40.6,51.09,29.08,98.52,59.07
220,1147,78,1225,2287.63,6.37,3.21,100.08,22.7,98.8,3.38,99.54,60.67,51.9,27.97,47.1,26.6,97.82,48.71
221,1158,60,1218,2278.87,4.93,3.25,100.01,24.14,99.1,10.31,98.42,29.96,50.03,58.06,46.96,32.89,97.92,18.66
222,1171,53,1224,2281.63,4.33,3.29,99.99,20.99,98.96,21.05,99.68,44.69,50.85,44.76,48.1,26.4,97.83,63.95
223,1167,49,1216,2292.05,4.03,3.09,100.02,4.64,99.14,0.96,98.42,31.25,48.08,68.5,49.76,3.22,96.42,6.93
224,1168,55,1223,2361.69,4.5,3.22,99.99,7.31,99.96,3.25,97.86,48.81,50.15,53.32,47.64,16.46,97.13,38.81
225,1154,59,1213,2302.4,4.86,3.29,100.01,14.71,99.65,0.18,98.16,17.97,47.3,104.67,51.47,17.08,98.77,46.24
226,1157,63,1220,2274.56,5.16,3.17,100.01,17.79,99.34,14.86,97.97,83.96,47.9,47.41,49.06,25.04,97.96,37.88
227,1180,50,1230,2256.24,4.07,3.4,100.07,11.54,99.48,7.49,98.45,38.92,47.42,55.4,51.65,23.76,98.01,30.25
228,1171,52,1223,2276.6,4.25,3.25,99.98,17.08,99.6,7.01,98.83,38.55,50.4,44.48,48.22,9.28,98.62,52.25
229,1165,68,1233,2234.59,5.52,3.27,100.01,29.01,98.87,2.4,98.21,39.15,48.5,56.5,50.39,33.12,97.74,55.49
230,1161,65,1226,2273.7,5.3,3.19,99.97,2.7,99.26,4.01,98.95,22.61,50.35,56.54,47.64,35.15,97.85,41.2
231,1172,53,1225,2293.07,4.33,3.19,100.05,7.6,99.7,1.63,97.64,70.97,48.96,82.78,48.93,26.66,98.99,35.24
232,1160,63,1223,2282.8,5.15,3.23,100.03,10.91,98.75,8.86,98.53,29.81,48.04,47.49,50.16,45.39,98.22,34.04
233,1147,65,1212,2286.02,5.36,3.21,99.98,7.75,99.83,9.46,99.16,26.56,50.78,77.94,46.67,11.61,96.49,34.95
234,1141,80,1221,2339.61,6.55,3.11,100.01,29.91,99.68,10.49,99.81,43.54,46.92,80.24,51.16,13.88,97.25,36.89
235,1168,61,1229,2299.68,4.96,3.22,99.98,23.61,99.37,14.87,99.13,30.42,48.3,81.0,52.34,28.74,98.44,28.86
236,1140,87,1227,2227.67,7.09,3.18,100.02,20.74,98.38,2.96,98.39,43.45,46.35,36.45,50.84,13.33,97.79,16.9
237,1173,54,1227,2255.01,4.4,3.27,100.0,10.9,99.16,7.67,99.1,51.16,51.06,57.11,48.3,10.74,97.94,39.05
238,1173,53,1226,2241.25,4.32,3.26,99.96,10.56,99.24,5.87,98.37,63.85,50.18,71.94,48.24,27.92,97.51,17.19
239,1149,68,1217,2335.86,5.59,3.33,99.98,35.72,99.39,0.3,98.17,28.99,49.48,52.15,48.41,15.48,98.55,45.52
240,1170,56,1226,2319.23,4.57,3.26,100.02,16.52,99.86,9.92,98.37,35.09,51.94,51.03,46.61,9.52,97.8,59.32
241,1152,66,1218,2313.79,5.42,3.28,100.09,6.52,98.92,36.27,98.9,19.59,50.9,43.22,47.5,16.42,97.43,48.07
242,1162,67,1229,2260.15,5.45,3.25,100.0,1.97,99.56,17.33,97.71,53.97,50.76,26.83,47.74,22.46,97.57,70.9
243,1148,70,1218,2318.02,5.75,3.23,100.05,6.32,97.64,12.25,99.47,35.19,51.33,33.35,46.5,14.51,98.13,19.97
244,1164,59,1223,2260.62,4.82,3.22,100.02,11.11,98.56,5.02,99.38,15.5,49.23,71.12,48.74,23.48,97.72,46.69
245,1156,65,1221,2287.15,5.32,3.22,100.01,6.43,99.36,23.03,98.87,36.23,48.49,72.76,49.37,36.84,98.32,31.58
246,1155,64,1219,2286.02,5.25,3.31,100.01,3.42,98.76,3.84,97.67,28.93,48.5,65.9,50.34,15.53,97.3,50.38
247,1177,50,1227,2277.99,4.07,3.19,100.04,14.04,98.22,11.28,98.11,46.66,50.54,56.71,48.9,26.77,99.22,33.23
248,1157,62,1219,2332.81,5.09,3.29,100.06,16.25,99.39,12.41,98.11,20.91,49.4,41.5,49.69,7.62,97.17,44.89
249,1162,63,1225,2291.5,5.14,3.29,100.0,30.96,99.46,6.99,98.58,32.89,47.13,75.66,50.63,13.97,98.63,43.6
250,1144,67,1211,2324.51,5.53,3.22,100.03,5.58,99.53,8.04,97.15,26.47,48.49,63.47,49.6,27.51,96.22,44.68
251,1163,59,1222,2375.67,4.83,3.3,99.99,3.0,99.89,8.51,99.22,13.7,47.15,57.37,50.67,32.63,99.05,42.05
252,1160,64,1224,2276.03,5.23,3.26,100.01,10.39,99.17,2.98,98.85,36.94,47.95,47.09,50.84,14.45,96.92,41.29
253,1167,52,1219,2293.99,4.27,3.19,100.06,28.96,99.58,5.06,98.34,31.92,48.06,74.67,51.18,24.88,97.44,50.11
254,1169,65,1234,2272.37,5.27,3.33,100.05,5.42,99.54,12.41,98.68,6.37,52.73,50.27,47.83,22.96,99.1,38.32
255,1154,70,1224,2253.97,5.72,3.16,100.04,12.42,99.37,10.19,98.47,60.48,47.51,45.89,50.78,25.32,98.47,46.46
256,1148,68,1216,2339.76,5.59,3.24,99.99,19.38,99.87,1.3,97.01,33.18,51.23,76.96,45.54,27.69,97.79,40.98
257,1159,60,1219,2267.75,4.92,3.29,100.03,13.16,98.47,11.52,98.5,53.02,47.37,35.71,50.38,9.76,97.85,23.11
258,1167,58,1225,2332.57,4.73,3.19,100.0,15.03,99.44,1.27,98.75,25.53,47.57,30.47,50.12,22.34,97.91,42.65
259,1183,49,1232,2276.68,3.98,3.32,100.01,14.1,99.32,16.57,98.75,59.32,50.71,45.97,48.67,24.21,98.97,20.95
260,1166,62,1228,2277.27,5.05,3.33,100.07,10.56,99.96,11.11,98.18,50.64,51.51,64.95,48.21,12.73,98.85,77.29
261,1166,50,1216,2310.45,4.11,3.19,100.02,19.72,98.58,2.53,98.97,60.64,49.14,85.87,50.48,8.88,98.92,23.01
262,1169,63,1232,2303.11,5.11,3.21,100.07,22.65,99.49,4.9,97.88,19.03,48.85,60.68,49.48,34.53,97.32,21.47
263,1151,63,1214,2254.29,5.19,3.22,100.1,13.06,97.59,7.57,96.71,15.15,48.25,79.04,48.54,17.06,96.41,17.18
264,1170,48,1218,2213.3,3.94,3.19,100.07,29.22,98.27,0.0,97.54,29.75,47.38,49.34,50.36,16.81,96.16,33.28
265,1169,49,1218,2286.72,4.02,3.23,99.97,19.08,99.28,12.91,99.44,30.53,49.64,57.66,48.23,35.44,98.48,69.59
266,1150,75,1225,2278.61,6.12,3.28,100.03,9.25,99.17,4.55,98.78,44.26,49.11,40.02,49.29,30.35,96.9,14.58
267,1157,56,1213,2306.81,4.62,3.22,100.07,14.79,99.42,1.65,98.68,33.17,48.32,28.62,49.36,40.09,97.93,39.7
268,1136,67,1203,2394.14,5.57,3.19,100.02,26.13,99.64,6.89,99.34,32.07,50.91,69.1,45.8,19.31,96.25,45.2
269,1165,60,1225,2258.62,4.9,3.32,100.04,5.94,97.21,10.79,98.01,32.41,50.14,66.54,47.79,20.86,96.86,58.76
270,1157,69,1226,2291.87,5.63,3.33,100.03,10.6,99.62,1.05,97.72,34.87,48.8,36.9,50.94,16.43,98.97,31.34
271,1157,66,1223,2281.29,5.4,3.27,100.02,18.73,98.28,14.89,98.61,20.93,49.69,99.58,49.86,37.63,98.91,40.25
272,1166,62,1228,2268.93,5.05,3.31,100.05,8.59,99.26,0.0,98.39,70.08,49.8,28.5,48.63,7.07,98.21,27.38
273,1173,59,1232,2283.12,4.79,3.32,99.98,2.08,99.79,17.73,98.58,43.09,49.91,72.93,47.82,1.64,98.25,31.8
274,1169,55,1224,2287.33,4.49,3.23,100.05,31.56,99.85,11.84,98.6,54.16,49.23,68.88,48.27,9.49,97.34,18.31
275,1161,55,1216,2298.34,4.52,3.31,100.0,8.38,99.37,14.03,99.66,45.88,50.15,72.96,48.38,33.04,98.02,21.69
276,1155,70,1225,2346.54,5.71,3.29,100.06,15.61,99.34,3.53,98.89,12.98,48.93,70.5,48.96,39.78,98.39,37.76
277,1168,62,1230,2252.85,5.04,3.16,100.05,1.0,98.82,5.35,99.62,13.22,51.79,61.97,46.66,29.19,98.92,45.44
278,1158,63,1221,2314.56,5.16,3.3,100.0,26.62,99.33,8.33,98.22,56.13,49.83,48.64,48.32,29.34,98.8,42.32
279,1153,66,1219,2240.15,5.41,3.28,100.05,15.98,98.36,4.04,97.64,17.33,46.39,76.36,52.02,24.58,97.09,39.65
280,1165,55,1220,2264.1,4.51,3.29,100.03,15.84,97.28,0.14,97.46,17.72,50.23,42.42,47.17,34.98,98.11,44.21
281,1168,53,1221,2304.52,4.34,3.34,100.01,8.31,99.51,4.07,97.72,67.27,47.76,36.11,51.07,4.48,98.88,37.39
282,1146,61,1207,2223.02,5.05,3.23,100.07,10.73,96.92,0.0,96.91,38.15,47.45,92.1,49.87,14.86,96.9,33.15
283,1159,62,1221,2287.39,5.08,3.26,100.0,9.54,99.0,0.0,99.49,42.32,50.09,87.34,47.71,26.24,99.01,38.38
284,1170,53,1223,2276.58,4.33,3.35,100.06,17.28,99.26,1.39,98.01,41.32,46.71,69.19,52.09,27.68,97.59,34.97
285,1166,59,1225,2302.24,4.82,3.3,100.0,13.62,99.25,14.43,96.89,41.71,48.54,63.57,49.48,29.12,98.62,24.92
286,1166,53,1219,2284.88,4.35,3.24,100.02,6.92,98.64,0.76,98.38,34.49,49.51,52.49,49.83,31.15,98.58,37.62
287,1166,53,1219,2302.99,4.35,3.2,100.03,15.48,99.14,3.52,98.44,10.8,48.49,88.24,50.35,13.23,97.97,50.61
288,1164,66,1230,2247.23,5.37,3.22,99.99,4.4,98.57,1.16,98.26,26.47,49.64,55.91,49.53,12.46,98.22,75.04
289,1170,47,1217,2264.94,3.86,3.28,100.07,22.26,98.77,30.51,98.51,38.4,49.83,38.56,47.51,15.75,96.85,39.68
290,1146,70,1216,2275.68,5.76,3.2,100.07,10.21,99.02,5.35,98.04,34.72,51.56,70.09,47.33,25.28,96.91,39.07
291,1164,57,1221,2358.79,4.67,3.24,100.02,9.72,99.57,0.0,99.6,33.81,51.01,25.38,49.34,13.8,97.76,27.24
292,1153,77,1230,2252.79,6.26,3.2,100.02,23.7,98.43,6.0,99.15,16.37,47.82,58.01,49.92,23.52,99.18,35.56
293,1167,61,1228,2269.16,4.97,3.25,100.0,3.39,99.24,0.0,99.2,43.67,49.49,61.02,49.63,15.5,97.86,65.12
294,1149,71,1220,2303.63,5.82,3.32,100.01,16.07,98.9,0.09,99.29,29.46,51.11,93.99,46.45,34.83,98.15,29.05
295,1166,61,1227,2292.25,4.97,3.32,100.01,14.54,99.4,3.24,98.91,57.38,48.79,60.75,49.71,32.88,98.26,36.04
296,1144,81,1225,2298.52,6.61,3.21,100.02,36.96,99.11,14.92,98.04,52.54,51.55,42.08,47.69,38.91,97.5,43.06
297,1152,70,1222,2257.43,5.73,3.29,99.98,6.09,98.46,13.49,98.41,61.74,47.85,69.84,50.57,36.11,97.55,59.02
298,1170,51,1221,2355.72,4.18,3.32,100.01,42.5,99.95,21.03,98.79,27.53,48.6,31.85,49.85,29.99,97.53,44.44
299,1168,54,1222,2314.92,4.42,3.2,100.0,15.88,98.69,19.36,99.33,34.66,50.31,20.81,48.4,26.55,96.1,21.49
300,1161,63,1224,2296.67,5.15,3.34,100.03,20.19,98.9,16.19,98.93,13.87,49.93,48.24,49.07,10.91,98.52,38.27
301,1172,72,1244,2251.86,5.79,3.21,100.0,14.58,99.91,1.53,99.27,18.06,49.75,56.47,50.6,44.75,98.49,37.56
302,1164,65,1229,2260.37,5.29,3.25,100.01,6.4,99.58,6.8,98.09,46.45,49.71,41.89,49.51,7.07,96.85,11.02
303,1158,60,1218,2298.58,4.93,3.29,99.99,18.46,99.46,0.0,99.12,45.0,46.94,53.21,50.25,29.3,96.68,56.14
304,1170,51,1221,2382.56,4.18,3.21,100.03,12.19,99.79,6.78,98.51,27.97,48.59,51.51,50.22,25.03,98.56,71.38
305,1168,53,1221,2246.64,4.34,3.29,100.02,15.31,98.61,4.77,97.86,23.47,45.02,52.97,52.61,45.79,98.83,85.01
306,1162,61,1223,2347.3,4.99,3.32,99.99,3.86,99.68,3.06,98.98,21.75,48.01,69.37,49.86,21.33,98.19,29.91
307,1176,54,1230,2260.35,4.39,3.28,100.0,5.71,98.62,0.88,98.47,26.14,53.73,55.61,46.21,19.3,98.54,42.04
308,1163,61,1224,2267.71,4.98,3.29,100.02,8.59,98.91,11.1,99.7,36.76,48.45,56.18,50.44,57.22,97.66,35.67
309,1158,67,1225,2273.33,5.47,3.17,100.07,13.96,99.72,0.0,98.61,22.58,50.78,75.7,47.02,30.79,97.59,33.32
310,1173,64,1237,2263.69,5.17,3.2,100.03,28.34,99.32,0.2,99.1,23.91,49.59,82.47,49.42,20.81,97.62,58.12
311,1163,63,1226,2292.45,5.14,3.22,100.05,6.47,99.11,5.42,97.44,27.57,47.02,39.79,51.8,19.03,98.29,69.99
312,1178,50,1228,2283.69,4.07,3.24,100.01,16.3,98.81,0.05,98.61,32.88,49.25,47.96,49.77,12.87,98.11,30.56
313,1161,61,1222,2340.46,4.99,3.3,100.0,12.38,99.94,0.0,98.82,36.67,49.88,58.6,49.76,30.64,98.25,72.16
314,1161,58,1219,2288.81,4.76,3.31,100.04,12.95,99.62,1.06,98.45,27.42,49.03,53.72,50.19,15.82,97.45,37.86
315,1141,78,1219,2308.51,6.4,3.21,100.0,32.87,98.67,14.74,99.3,28.66,46.67,51.87,50.82,21.78,97.7,59.21
316,1157,70,1227,2305.56,5.7,3.26,100.03,29.58,99.16,3.16,99.21,45.32,49.01,51.33,49.98,22.95,98.2,43.57
317,1176,47,1223,2251.95,3.84,3.3,99.96,5.58,98.48,0.0,98.1,30.13,49.27,51.23,48.39,21.01,96.85,37.38
318,1166,46,1212,2305.94,3.8,3.23,100.0,9.46,98.66,0.0,98.36,42.21,49.26,56.79,48.3,26.88,98.11,54.64
319,1170,61,1231,2246.77,4.96,3.26,100.08,10.88,97.74,0.0,98.17,45.63,49.14,55.63,49.89,34.62,97.71,23.76
320,1166,56,1222,2327.67,4.58,3.29,99.99,10.89,99.8,2.74,97.78,36.01,47.55,69.97,51.29,37.13,97.95,41.48
321,1167,67,1234,2272.82,5.43,3.22,100.03,24.09,99.36,1.57,99.26,65.6,48.42,90.99,49.57,35.27,98.81,59.17
322,1176,59,1235,2280.1,4.78,3.27,100.08,2.57,99.55,8.68,99.14,33.49,47.5,67.27,51.66,9.68,97.74,51.23
323,1163,58,1221,2323.39,4.75,3.19,100.05,22.47,99.57,1.96,98.03,31.17,51.45,50.8,46.97,13.33,97.24,23.32
324,1167,62,1229,2308.51,5.04,3.27,100.0,27.56,99.54,6.99,99.57,36.88,48.48,50.73,49.81,23.41,99.11,41.62
325,1157,67,1224,2241.71,5.47,3.18,100.05,12.84,98.0,2.9,98.68,27.39,48.64,52.8,49.09,23.48,98.73,60.81
326,accident,accident,accident,accident,accident,accident,accident,accident,accident,accident,accident,accident,accident,accident,accident,accident,accident,accident
327,1158,61,1219,2324.44,5.0,3.21,100.02,20.48,99.73,5.55,98.55,38.3,50.06,43.2,48.32,27.02,97.53,49.62
328,1170,59,1229,2261.82,4.8,3.25,100.01,8.24,99.87,7.86,99.01,26.57,47.57,68.77,51.01,27.68,97.65,45.24
329,1158,75,1233,2249.53,6.08,3.33,99.98,8.4,97.98,6.27,99.63,22.16,49.44,28.54,49.93,27.04,98.87,48.24
330,1166,63,1229,2269.7,5.13,3.29,100.02,4.56,99.42,0.56,98.8,62.17,51.1,54.8,48.19,12.0,98.09,103.14
331,1166,55,1221,2270.49,4.5,3.18,100.06,17.56,99.44,11.15,97.95,37.56,51.39,50.61,46.67,19.97,96.6,20.79
332,1162,55,1217,2294.79,4.52,3.17,100.02,3.52,98.71,2.09,97.9,41.6,49.54,60.41,48.78,16.56,97.82,52.75
333,1156,64,1220,2308.34,5.25,3.22,100.07,4.39,99.39,15.87,99.61,26.66,48.02,48.18,50.45,42.47,97.36,35.34
334,1158,63,1221,2262.5,5.16,3.28,100.05,11.46,98.37,18.47,99.15,27.23,49.03,47.32,50.25,31.82,97.74,40.56
335,1158,67,1225,2329.66,5.47,3.29,100.06,19.41,99.82,7.76,98.58,24.76,49.42,52.66,49.04,31.85,97.92,74.55
336,1176,43,1219,2255.26,3.53,3.25,100.01,31.83,98.09,20.1,98.88,41.44,48.79,57.9,49.14,31.41,97.83,37.5
337,1158,63,1221,2283.71,5.16,3.13,100.03,18.16,99.4,9.31,98.73,37.11,48.81,29.34,50.22,23.44,97.2,57.9
338,1163,59,1222,2301.82,4.83,3.24,100.01,8.14,99.48,5.03,98.47,37.98,49.36,88.24,49.26,19.11,98.14,33.78
339,1161,67,1228,2268.34,5.46,3.24,100.02,12.73,99.45,14.55,98.56,6.68,49.36,65.37,49.55,21.43,98.08,36.89
340,1149,63,1212,2259.56,5.2,3.2,100.06,2.19,98.37,3.04,97.39,20.8,48.84,86.29,47.53,27.26,96.62,47.49
341,1165,56,1221,2292.34,4.59,3.27,100.05,12.62,99.12,3.28,96.71,34.27,48.49,55.33,50.84,30.84,98.47,43.08
342,1163,53,1216,2301.97,4.36,3.19,100.03,9.65,99.23,16.22,98.29,11.5,47.11,30.78,51.67,12.86,97.88,43.03
343,1161,62,1223,2264.21,5.07,3.15,99.99,15.98,97.42,14.69,97.56,44.89,47.29,83.67,49.7,29.13,97.23,14.23
344,1170,56,1226,2272.21,4.57,3.23,100.0,10.04,99.62,1.77,98.99,21.81,48.37,44.36,50.04,20.15,97.39,44.44
345,1154,61,1215,2341.58,5.02,3.24,100.06,8.09,98.86,4.77,99.46,62.71,51.58,65.37,46.28,19.79,98.1,45.72
346,1174,59,1233,2246.82,4.79,3.23,100.05,18.91,97.85,4.72,98.97,46.75,48.28,28.89,51.49,40.97,98.81,96.02
347,1165,60,1225,2283.14,4.9,3.17,100.01,15.11,99.0,3.68,97.74,59.73,51.78,41.34,46.74,16.21,96.69,54.14
348,1165,58,1223,2345.52,4.74,3.25,100.04,5.58,99.84,0.0,97.82,32.84,49.44,36.27,49.2,28.9,98.27,55.71
349,1166,54,1220,2295.17,4.43,3.25,100.04,17.9,99.08,10.2,99.02,21.06,49.69,18.75,49.1,10.78,96.48,44.29
350,1163,55,1218,2333.68,4.52,3.31,100.0,51.91,98.73,11.2,99.2,66.58,48.14,38.9,48.73,21.58,98.86,24.16
351,1171,57,1228,2280.19,4.64,3.31,100.1,11.27,99.68,15.88,98.02,31.01,49.07,38.12,49.86,38.98,98.07,54.98
352,1164,61,1225,2263.6,4.98,3.26,100.05,17.24,99.84,15.38,98.23,60.17,48.57,44.05,48.59,62.99,98.37,50.59
353,1160,65,1225,2353.52,5.31,3.24,100.08,0.0,99.66,7.25,99.06,42.65,49.78,49.2,48.71,43.1,98.03,48.02
354,1182,48,1230,2290.48,3.9,3.29,100.03,13.77,99.71,3.1,98.93,52.15,48.62,37.54,50.91,27.73,98.45,44.68
355,1175,62,1237,2253.88,5.01,3.28,100.05,3.6,99.5,3.56,98.72,10.21,50.56,30.0,48.29,46.62,99.16,100.51
356,1171,56,1227,2289.3,4.56,3.31,100.03,9.36,99.12,16.65,98.07,60.85,47.81,43.88,50.86,20.82,98.32,27.3
357,1162,60,1222,2309.97,4.91,3.2,100.08,10.58,99.9,0.0,98.34,38.55,51.81,30.91,48.39,28.57,98.88,37.77
358,1163,55,1218,2296.67,4.52,3.37,100.02,3.16,99.48,8.74,98.37,18.94,51.57,45.97,46.44,15.97,97.23,37.65
359,1175,61,1236,2268.6,4.94,3.26,100.03,9.6,99.43,26.77,98.79,42.91,51.55,30.69,49.35,14.1,99.06,38.98
360,1149,77,1226,2282.83,6.28,3.23,100.02,23.7,99.85,7.59,97.57,43.17,49.45,46.48,48.39,19.46,98.74,69.08
361,1161,64,1225,2283.26,5.22,3.24,99.99,18.63,99.08,10.6,99.53,21.64,49.45,90.96,48.84,32.71,98.79,30.57
362,1135,69,1204,2312.69,5.73,3.28,99.98,5.89,99.3,20.0,98.1,21.0,45.8,39.29,51.36,33.09,98.41,39.21
363,1166,54,1220,2354.99,4.43,3.17,100.02,12.43,99.87,4.91,98.88,31.23,47.23,37.95,50.36,31.33,96.1,49.92
364,1151,77,1228,2294.88,6.27,3.36,100.07,10.15,99.68,14.63,98.05,33.52,48.79,111.8,50.36,53.79,97.28,36.31
365,1157,64,1221,2253.85,5.24,3.15,99.97,18.59,97.91,19.73,97.45,69.98,47.25,48.28,49.48,40.23,97.26,37.18
